Zip;City;State;Latitude;Longitude;Timezone;Daylight savings time flag;geopoint
02167;Chestnut Hill;MA;42.320797;-71.169847;-5;1;42.320797,-71.169847
02475;Arlington Heights;MA;42.446396;-71.459405;-5;1;42.446396,-71.459405
02601;Hyannis;MA;41.654741;-70.2895;-5;1;41.654741,-70.2895
01971;Salem;MA;42.635443;-70.879123;-5;1;42.635443,-70.879123
02762;Plainville;MA;42.011848;-71.32392;-5;1;42.011848,-71.32392
02188;Weymouth;MA;42.212866;-70.95872;-5;1;42.212866,-70.95872
01378;Warwick;MA;42.667152;-72.32729;-5;1;42.667152,-72.32729
01503;Berlin;MA;42.380562;-71.62665;-5;1;42.380562,-71.62665
01040;Holyoke;MA;42.201891;-72.6242;-5;1;42.201891,-72.6242
01534;Northbridge;MA;42.140741;-71.64376;-5;1;42.140741,-71.64376
01778;Wayland;MA;42.345583;-71.35643;-5;1;42.345583,-71.35643
01930;Gloucester;MA;42.624015;-70.67552;-5;1;42.624015,-70.67552
02152;Winthrop;MA;42.373047;-70.97803;-5;1;42.373047,-70.97803
02790;Westport;MA;41.602517;-71.08904;-5;1;41.602517,-71.08904
02673;West Yarmouth;MA;41.656883;-70.23726;-5;1;41.656883,-70.23726
02551;Oak Bluffs;MA;41.453321;-70.558023;-5;1;41.453321,-70.558023
01822;Billerica;MA;42.446396;-71.459405;-5;1;42.446396,-71.459405
02571;Wareham;MA;41.751554;-70.71059;-5;1;41.751554,-70.71059
01393;Whately;MA;42.459814;-72.593626;-5;1;42.459814,-72.593626
01468;Templeton;MA;42.557796;-72.06824;-5;1;42.557796,-72.06824
02739;Mattapoisett;MA;41.654776;-70.80087;-5;1;41.654776,-70.80087
01259;Southfield;MA;42.0645;-73.24674;-5;1;42.0645,-73.24674
02362;Plymouth;MA;41.970474;-70.701357;-5;1;41.970474,-70.701357
02477;Watertown;MA;42.446396;-71.459405;-5;1;42.446396,-71.459405
01441;Gardner;MA;42.364807;-71.896868;-5;1;42.364807,-71.896868
02761;North Attleboro;MA;41.756214;-71.067062;-5;1;41.756214,-71.067062
01201;Pittsfield;MA;42.45384;-73.254;-5;1;42.45384,-73.254
02445;Brookline;MA;42.324397;-71.13933;-5;1;42.324397,-71.13933
01085;Westfield;MA;42.133642;-72.75029;-5;1;42.133642,-72.75029
01340;Colrain;MA;42.673371;-72.73104;-5;1;42.673371,-72.73104
01886;Westford;MA;42.592086;-71.43754;-5;1;42.592086,-71.43754
02358;North Pembroke;MA;41.805219;-70.62642;-5;1;41.805219,-70.62642
01754;Maynard;MA;42.430781;-71.45594;-5;1;42.430781,-71.45594
01020;Chicopee;MA;42.175992;-72.57265;-5;1;42.175992,-72.57265
01966;Rockport;MA;42.659936;-70.61727;-5;1;42.659936,-70.61727
02053;Medway;MA;42.151526;-71.42315;-5;1;42.151526,-71.42315
02562;Sagamore Beach;MA;41.793263;-70.519584;-5;1;41.793263,-70.519584
02401;Brockton;MA;42.079399;-71.03459;-5;1;42.079399,-71.03459
02177;Melrose;MA;42.446396;-71.459405;-5;1;42.446396,-71.459405
01354;Northfield;MA;42.522178;-72.624164;-5;1;42.522178,-72.624164
02568;Vineyard Haven;MA;41.451263;-70.60872;-5;1;41.451263,-70.60872
01823;Haverhill;MA;42.800429;-71.11087;-5;1;42.800429,-71.11087
02191;Weymouth;MA;42.242749;-70.94434;-5;1;42.242749,-70.94434
02494;Needham;MA;42.29813;-71.23154;-5;1;42.29813,-71.23154
01813;Woburn;MA;42.446396;-71.459405;-5;1;42.446396,-71.459405
02330;Carver;MA;41.873697;-70.7656;-5;1;41.873697,-70.7656
01270;Windsor;MA;42.443726;-73.116127;-5;1;42.443726,-73.116127
01001;Agawam;MA;42.07061;-72.62029;-5;1;42.07061,-72.62029
02025;Cohasset;MA;42.241908;-70.81223;-5;1;42.241908,-70.81223
02652;North Truro;MA;42.02889;-70.07938;-5;1;42.02889,-70.07938
01885;West Boxford;MA;42.635443;-70.879123;-5;1;42.635443,-70.879123
02565;Silver Beach;MA;41.799312;-70.308662;-5;1;41.799312,-70.308662
02760;North Attleboro;MA;41.975495;-71.33086;-5;1;41.975495,-71.33086
01923;Danvers;MA;42.569756;-70.94322;-5;1;42.569756,-70.94322
02717;East Freetown;MA;41.765934;-70.95332;-5;1;41.765934,-70.95332
01095;Wilbraham;MA;42.12531;-72.44057;-5;1;42.12531,-72.44057
01535;North Brookfield;MA;42.267274;-72.07823;-5;1;42.267274,-72.07823
01536;North Grafton;MA;42.231444;-71.70523;-5;1;42.231444,-71.70523
01537;North Oxford;MA;42.170846;-71.88989;-5;1;42.170846,-71.88989
02061;Norwell;MA;42.15243;-70.8205;-5;1;42.15243,-70.8205
02196;Boston;MA;42.338947;-70.919635;-5;1;42.338947,-70.919635
01004;Amherst;MA;42.384494;-72.513183;-5;1;42.384494,-72.513183
01083;Warren;MA;42.20468;-72.20259;-5;1;42.20468,-72.20259
02334;Easton;MA;42.023528;-71.132397;-5;1;42.023528,-71.132397
02539;Edgartown;MA;41.380479;-70.52453;-5;1;41.380479,-70.52453
01254;Richmond;MA;42.374711;-73.36336;-5;1;42.374711,-73.36336
02145;Somerville;MA;42.390846;-71.09225;-5;1;42.390846,-71.09225
02283;Boston;MA;42.338947;-70.919635;-5;1;42.338947,-70.919635
02573;Vineyard Haven;MA;41.379836;-70.643092;-5;1;41.379836,-70.643092
02667;Wellfleet;MA;41.922412;-70.01484;-5;1;41.922412,-70.01484
01518;Fiskdale;MA;42.12515;-72.12393;-5;1;42.12515,-72.12393
02553;Monument Beach;MA;41.67336;-70.608047;-5;1;41.67336,-70.608047
01525;Linwood;MA;42.364807;-71.896868;-5;1;42.364807,-71.896868
02348;Middleboro;MA;41.970474;-70.701357;-5;1;41.970474,-70.701357
02065;Ocean Bluff;MA;42.097219;-70.651567;-5;1;42.097219,-70.651567
01070;Plainfield;MA;42.515853;-72.91661;-5;1;42.515853,-72.91661
02195;Newton;MA;42.446396;-71.459405;-5;1;42.446396,-71.459405
01803;Burlington;MA;42.506362;-71.20008;-5;1;42.506362,-71.20008
02744;New Bedford;MA;41.610754;-70.91453;-5;1;41.610754,-70.91453
01521;Holland;MA;42.054676;-72.16137;-5;1;42.054676,-72.16137
01367;Rowe;MA;42.694883;-72.90962;-5;1;42.694883,-72.90962
01601;Worcester;MA;42.265275;-71.879415;-5;1;42.265275,-71.879415
01845;North Andover;MA;42.683841;-71.11171;-5;1;42.683841,-71.11171
01026;Cummington;MA;42.465041;-72.91813;-5;1;42.465041,-72.91813
02332;Duxbury;MA;42.031371;-70.70105;-5;1;42.031371,-70.70105
01843;Lawrence;MA;42.691091;-71.16078;-5;1;42.691091,-71.16078
02187;Milton Village;MA;42.180048;-71.08923;-5;1;42.180048,-71.08923
02783;Taunton;MA;41.756214;-71.067062;-5;1;41.756214,-71.067062
01772;Southborough;MA;42.297643;-71.53369;-5;1;42.297643,-71.53369
02541;Falmouth;MA;41.799312;-70.308662;-5;1;41.799312,-70.308662
01430;Ashburnham;MA;42.658768;-71.93287;-5;1;42.658768,-71.93287
01432;Ayer;MA;42.549821;-71.59136;-5;1;42.549821,-71.59136
02151;Revere;MA;42.416247;-71.00525;-5;1;42.416247,-71.00525
01515;East Brookfield;MA;42.212777;-72.05311;-5;1;42.212777,-72.05311
02113;Boston;MA;42.365028;-71.05636;-5;1;42.365028,-71.05636
01856;Lowell;MA;42.641779;-71.303488;-5;1;42.641779,-71.303488
01569;Uxbridge;MA;42.064978;-71.62992;-5;1;42.064978,-71.62992
02359;Pembroke;MA;42.065554;-70.80426;-5;1;42.065554,-70.80426
02663;South Wellfleet;MA;41.800531;-70.076776;-5;1;41.800531,-70.076776
01529;Millville;MA;42.036396;-71.57798;-5;1;42.036396,-71.57798
02136;Hyde Park;MA;42.252198;-71.12593;-5;1;42.252198,-71.12593
02651;North Eastham;MA;41.824264;-69.98176;-5;1;41.824264,-69.98176
01302;Greenfield;MA;42.522178;-72.624164;-5;1;42.522178,-72.624164
01750;Natick;MA;42.273817;-71.378157;-5;1;42.273817,-71.378157
02059;North Marshfield;MA;41.970474;-70.701357;-5;1;41.970474,-70.701357
01242;Lenox Dale;MA;42.336557;-73.24599;-5;1;42.336557,-73.24599
01841;Lawrence;MA;42.71159;-71.16667;-5;1;42.71159,-71.16667
02062;Norwood;MA;42.185974;-71.20166;-5;1;42.185974,-71.20166
02364;Kingston;MA;41.993102;-70.73827;-5;1;41.993102,-70.73827
01913;Amesbury;MA;42.854423;-70.93547;-5;1;42.854423,-70.93547
01081;Wales;MA;42.058024;-72.22517;-5;1;42.058024,-72.22517
02341;Hanson;MA;42.059434;-70.86205;-5;1;42.059434,-70.86205
02747;North Dartmouth;MA;41.637916;-70.99076;-5;1;41.637916,-70.99076
02154;Waltham;MA;42.388938;-71.2398;-5;1;42.388938,-71.2398
02176;Melrose;MA;42.459045;-71.06233;-5;1;42.459045,-71.06233
01258;South Egremont;MA;42.103122;-73.45734;-5;1;42.103122,-73.45734
02159;Newton;MA;42.316097;-71.191248;-5;1;42.316097,-71.191248
02633;Chatham;MA;41.686534;-69.97746;-5;1;41.686534,-69.97746
01032;Goshen;MA;42.45792;-72.81551;-5;1;42.45792,-72.81551
01568;Upton;MA;42.17382;-71.60971;-5;1;42.17382,-71.60971
02031;East Mansfield;MA;41.998799;-71.200894;-5;1;41.998799,-71.200894
02254;Waltham;MA;42.446396;-71.459405;-5;1;42.446396,-71.459405
01240;Lenox;MA;42.36237;-73.27683;-5;1;42.36237,-73.27683
02363;Plymouth;MA;41.959094;-70.706774;-5;1;41.959094,-70.706774
02070;Sheldonville;MA;42.180048;-71.08923;-5;1;42.180048,-71.08923
01101;Springfield;MA;42.170731;-72.604842;-5;1;42.170731,-72.604842
01073;Southampton;MA;42.223885;-72.72777;-5;1;42.223885,-72.72777
01532;Northborough;MA;42.321917;-71.64692;-5;1;42.321917,-71.64692
02209;Boston;MA;42.338947;-70.919635;-5;1;42.338947,-70.919635
01472;West Groton;MA;42.446396;-71.459405;-5;1;42.446396,-71.459405
02142;Cambridge;MA;42.362297;-71.08412;-5;1;42.362297,-71.08412
02110;Boston;MA;42.356532;-71.05365;-5;1;42.356532,-71.05365
01590;Sutton;MA;42.131028;-71.75121;-5;1;42.131028,-71.75121
02174;Arlington;MA;42.417695;-71.167083;-5;1;42.417695,-71.167083
02164;Newton;MA;42.446396;-71.459405;-5;1;42.446396,-71.459405
01949;Middleton;MA;42.602278;-71.01356;-5;1;42.602278,-71.01356
02558;Onset;MA;41.746424;-70.65956;-5;1;41.746424,-70.65956
01463;Pepperell;MA;42.665686;-71.5929;-5;1;42.665686,-71.5929
02451;Waltham;MA;42.393029;-71.24771;-5;1;42.393029,-71.24771
01074;South Barre;MA;42.375998;-72.149388;-5;1;42.375998,-72.149388
01805;Burlington;MA;42.446396;-71.459405;-5;1;42.446396,-71.459405
01961;Peabody;MA;42.635443;-70.879123;-5;1;42.635443,-70.879123
01969;Rowley;MA;42.716708;-70.90899;-5;1;42.716708,-70.90899
02121;Boston;MA;42.307448;-71.08127;-5;1;42.307448,-71.08127
02185;Braintree;MA;42.180048;-71.08923;-5;1;42.180048,-71.08923
02791;Westport Point;MA;41.519104;-71.085137;-5;1;41.519104,-71.085137
02535;Chilmark;MA;41.345578;-70.75145;-5;1;41.345578,-70.75145
01027;Easthampton;MA;42.27279;-72.68677;-5;1;42.27279,-72.68677
01116;Longmeadow;MA;42.170731;-72.604842;-5;1;42.170731,-72.604842
01128;Springfield;MA;42.095344;-72.48857;-5;1;42.095344,-72.48857
01420;Fitchburg;MA;42.578689;-71.80338;-5;1;42.578689,-71.80338
02143;Somerville;MA;42.381929;-71.09908;-5;1;42.381929,-71.09908
02193;Weston;MA;42.446396;-71.459405;-5;1;42.446396,-71.459405
01431;Ashby;MA;42.672005;-71.8137;-5;1;42.672005,-71.8137
02186;Milton;MA;42.253074;-71.07496;-5;1;42.253074,-71.07496
01129;Springfield;MA;42.121031;-72.4896;-5;1;42.121031,-72.4896
02190;Weymouth;MA;42.1711;-70.94597;-5;1;42.1711,-70.94597
02738;Marion;MA;41.706599;-70.75086;-5;1;41.706599,-70.75086
02746;New Bedford;MA;41.659336;-70.93347;-5;1;41.659336,-70.93347
01612;Paxton;MA;42.307591;-71.91929;-5;1;42.307591,-71.91929
02660;South Dennis;MA;41.712338;-70.16165;-5;1;41.712338,-70.16165
02067;Sharon;MA;42.113749;-71.17923;-5;1;42.113749,-71.17923
02343;Holbrook;MA;42.148351;-71.01037;-5;1;42.148351,-71.01037
01138;Springfield;MA;42.170731;-72.604842;-5;1;42.170731,-72.604842
02631;Brewster;MA;41.746647;-70.07773;-5;1;41.746647,-70.07773
02238;Cambridge;MA;42.446396;-71.459405;-5;1;42.446396,-71.459405
01369;Shattuckville;MA;42.522178;-72.624164;-5;1;42.522178,-72.624164
01749;Hudson;MA;42.389813;-71.55791;-5;1;42.389813,-71.55791
01899;Andover;MA;42.635443;-70.879123;-5;1;42.635443,-70.879123
02293;Boston;MA;42.338947;-70.919635;-5;1;42.338947,-70.919635
02337;Elmwood;MA;42.022225;-70.931588;-5;1;42.022225,-70.931588
01075;South Hadley;MA;42.234891;-72.58243;-5;1;42.234891,-72.58243
01585;West Brookfield;MA;42.242965;-72.16734;-5;1;42.242965,-72.16734
02170;Quincy;MA;42.267049;-71.01834;-5;1;42.267049,-71.01834
01008;Blandford;MA;42.174313;-72.94828;-5;1;42.174313,-72.94828
01475;Winchendon;MA;42.675441;-72.0467;-5;1;42.675441,-72.0467
01944;Manchester;MA;42.580033;-70.76462;-5;1;42.580033,-70.76462
02156;West Medford;MA;42.446396;-71.459405;-5;1;42.446396,-71.459405
01235;Hinsdale;MA;42.433661;-73.09278;-5;1;42.433661,-73.09278
01770;Sherborn;MA;42.231025;-71.37202;-5;1;42.231025,-71.37202
01831;Haverhill;MA;42.771095;-71.122054;-5;1;42.771095,-71.122054
01851;Lowell;MA;42.630915;-71.33238;-5;1;42.630915,-71.33238
01945;Marblehead;MA;42.497146;-70.86323;-5;1;42.497146,-70.86323
02178;Belmont;MA;42.446396;-71.459405;-5;1;42.446396,-71.459405
02140;Cambridge;MA;42.393327;-71.12837;-5;1;42.393327,-71.12837
02205;Boston;MA;42.350334;-71.053877;-5;1;42.350334,-71.053877
02222;Boston;MA;42.367797;-71.06282;-5;1;42.367797,-71.06282
01937;Hathorne;MA;42.635443;-70.879123;-5;1;42.635443,-70.879123
01370;Shelburne Falls;MA;42.603447;-72.72754;-5;1;42.603447,-72.72754
01606;Worcester;MA;42.311342;-71.79531;-5;1;42.311342,-71.79531
01731;Hanscom AFB;MA;42.459085;-71.27556;-5;1;42.459085,-71.27556
02452;Waltham;MA;42.392496;-71.22153;-5;1;42.392496,-71.22153
02492;Needham;MA;42.278247;-71.23388;-5;1;42.278247,-71.23388
01342;Deerfield;MA;42.542322;-72.6091;-5;1;42.542322,-72.6091
02666;Truro;MA;41.992804;-70.05427;-5;1;41.992804,-70.05427
02781;Westport;MA;41.522877;-71.069344;-5;1;41.522877,-71.069344
02649;Mashpee;MA;41.613743;-70.48754;-5;1;41.613743,-70.48754
01524;Leicester;MA;42.238942;-71.91908;-5;1;42.238942,-71.91908
01108;Springfield;MA;42.084094;-72.55523;-5;1;42.084094,-72.55523
01561;South Lancaster;MA;42.443539;-71.686137;-5;1;42.443539,-71.686137
01586;West Millbury;MA;42.364807;-71.896868;-5;1;42.364807,-71.896868
01104;Springfield;MA;42.130343;-72.57338;-5;1;42.130343,-72.57338
02179;Waverley;MA;42.446396;-71.459405;-5;1;42.446396,-71.459405
01331;Athol;MA;42.579931;-72.20836;-5;1;42.579931,-72.20836
02668;West Barnstable;MA;41.70631;-70.37048;-5;1;41.70631,-70.37048
01014;Chicopee;MA;42.170731;-72.604842;-5;1;42.170731,-72.604842
01109;Springfield;MA;42.116277;-72.55031;-5;1;42.116277,-72.55031
01202;Pittsfield;MA;42.3929;-73.228483;-5;1;42.3929,-73.228483
01615;Worcester;MA;42.364807;-71.896868;-5;1;42.364807,-71.896868
01060;Northampton;MA;42.324539;-72.63561;-5;1;42.324539,-72.63561
02466;Auburndale;MA;42.345833;-71.24735;-5;1;42.345833,-71.24735
01013;Chicopee;MA;42.161492;-72.60316;-5;1;42.161492,-72.60316
01337;Bernardston;MA;42.678023;-72.55569;-5;1;42.678023,-72.55569
02041;Green Harbor;MA;42.069642;-70.649075;-5;1;42.069642,-70.649075
01705;Framingham;MA;42.446396;-71.459405;-5;1;42.446396,-71.459405
02542;Buzzards Bay;MA;41.665605;-70.52456;-5;1;41.665605,-70.52456
01245;Monterey;MA;42.180659;-73.20849;-5;1;42.180659,-73.20849
01608;Worcester;MA;42.261343;-71.80173;-5;1;42.261343,-71.80173
01501;Auburn;MA;42.20361;-71.83843;-5;1;42.20361,-71.83843
01748;Hopkinton;MA;42.220447;-71.53418;-5;1;42.220447,-71.53418
02071;South Walpole;MA;42.101406;-71.27239;-5;1;42.101406,-71.27239
01866;Pinehurst;MA;42.446396;-71.459405;-5;1;42.446396,-71.459405
02054;Millis;MA;42.166398;-71.36178;-5;1;42.166398,-71.36178
02180;Stoneham;MA;42.480145;-71.09835;-5;1;42.480145,-71.09835
02564;Siasconset;MA;41.273949;-70.015545;-5;1;41.273949,-70.015545
02403;Brockton;MA;41.970474;-70.701357;-5;1;41.970474,-70.701357
02644;Forestdale;MA;41.683462;-70.51211;-5;1;41.683462,-70.51211
01376;Turners Falls;MA;42.609425;-72.54438;-5;1;42.609425,-72.54438
01526;Manchaug;MA;42.364807;-71.896868;-5;1;42.364807,-71.896868
01852;Lowell;MA;42.634112;-71.29849;-5;1;42.634112,-71.29849
01379;Wendell;MA;42.547274;-72.41724;-5;1;42.547274,-72.41724
01102;Springfield;MA;42.170731;-72.604842;-5;1;42.170731,-72.604842
01224;Berkshire;MA;42.3929;-73.228483;-5;1;42.3929,-73.228483
01824;Chelmsford;MA;42.595491;-71.3544;-5;1;42.595491,-71.3544
01330;Ashfield;MA;42.521131;-72.81116;-5;1;42.521131,-72.81116
05544;Andover;MA;42.647191;-71.184202;-5;1;42.647191,-71.184202
01982;South Hamilton;MA;42.616643;-70.86513;-5;1;42.616643,-70.86513
02103;Boston;MA;42.338947;-70.919635;-5;1;42.338947,-70.919635
02184;Braintree;MA;42.209555;-70.99968;-5;1;42.209555,-70.99968
01373;South Deerfield;MA;42.472734;-72.62452;-5;1;42.472734,-72.62452
01029;East Otis;MA;42.175896;-73.04204;-5;1;42.175896,-73.04204
01227;Dalton;MA;42.516145;-73.092852;-5;1;42.516145,-73.092852
01704;Framingham;MA;42.446396;-71.459405;-5;1;42.446396,-71.459405
01580;Westborough;MA;42.364807;-71.896868;-5;1;42.364807,-71.896868
01344;Erving;MA;42.607051;-72.41396;-5;1;42.607051,-72.41396
02018;Accord;MA;41.970474;-70.701357;-5;1;41.970474,-70.701357
01119;Springfield;MA;42.128442;-72.50932;-5;1;42.128442,-72.50932
01523;Lancaster;MA;42.473131;-71.67946;-5;1;42.473131,-71.67946
01571;Dudley;MA;42.049864;-71.9173;-5;1;42.049864,-71.9173
01835;Haverhill;MA;42.757767;-71.08518;-5;1;42.757767,-71.08518
02044;Hingham;MA;41.970474;-70.701357;-5;1;41.970474,-70.701357
01952;Salisbury;MA;42.85048;-70.86153;-5;1;42.85048,-70.86153
02032;East Walpole;MA;42.153912;-71.21362;-5;1;42.153912,-71.21362
02134;Allston;MA;42.355147;-71.13164;-5;1;42.355147,-71.13164
01097;Woronoco;MA;42.161743;-72.845912;-5;1;42.161743,-72.845912
01634;Tolland;MA;42.069484;-72.999433;-5;1;42.069484,-72.999433
01226;Dalton;MA;42.476575;-73.11547;-5;1;42.476575,-73.11547
02333;East Bridgewater;MA;42.029083;-70.95227;-5;1;42.029083,-70.95227
02460;Newtonville;MA;42.352996;-71.20907;-5;1;42.352996,-71.20907
02202;Boston;MA;42.361094;-71.061814;-5;1;42.361094,-71.061814
02277;Watertown;MA;42.446396;-71.459405;-5;1;42.446396,-71.459405
01862;North Billerica;MA;42.573592;-71.2911;-5;1;42.573592,-71.2911
01072;Shutesbury;MA;42.486027;-72.42208;-5;1;42.486027,-72.42208
01038;Hatfield;MA;42.375155;-72.60832;-5;1;42.375155,-72.60832
01343;Drury;MA;42.642666;-72.986231;-5;1;42.642666,-72.986231
01509;Charlton Depot;MA;42.364807;-71.896868;-5;1;42.364807,-71.896868
02777;Swansea;MA;41.741551;-71.21433;-5;1;41.741551,-71.21433
01098;Worthington;MA;42.399054;-72.93871;-5;1;42.399054,-72.93871
01368;Royalston;MA;42.671012;-72.16999;-5;1;42.671012,-72.16999
02743;Acushnet;MA;41.697015;-70.91019;-5;1;41.697015,-70.91019
01701;Framingham;MA;42.318695;-71.42344;-5;1;42.318695,-71.42344
01834;Groveland;MA;42.750691;-71.02487;-5;1;42.750691,-71.02487
01860;Merrimac;MA;42.834246;-71.00207;-5;1;42.834246,-71.00207
02780;Taunton;MA;41.904888;-71.10288;-5;1;41.904888,-71.10288
01339;Charlemont;MA;42.626858;-72.87939;-5;1;42.626858,-72.87939
01863;North Chelmsford;MA;42.634199;-71.39322;-5;1;42.634199,-71.39322
02035;Foxboro;MA;42.061427;-71.24232;-5;1;42.061427,-71.24232
02327;Bryantville;MA;42.040708;-70.827245;-5;1;42.040708,-70.827245
02147;Brookline Village;MA;42.180048;-71.08923;-5;1;42.180048,-71.08923
01602;Worcester;MA;42.272359;-71.84482;-5;1;42.272359,-71.84482
02157;Babson Park;MA;42.173933;-71.185494;-5;1;42.173933,-71.185494
02357;North Easton;MA;42.064499;-71.087091;-5;1;42.064499,-71.087091
02130;Jamaica Plain;MA;42.309998;-71.11171;-5;1;42.309998,-71.11171
02172;Watertown;MA;42.372596;-71.177998;-5;1;42.372596,-71.177998
01082;Ware;MA;42.270611;-72.26067;-5;1;42.270611,-72.26067
01220;Adams;MA;42.619727;-73.11842;-5;1;42.619727,-73.11842
01522;Jefferson;MA;42.369658;-71.87418;-5;1;42.369658,-71.87418
02085;Foxborough;MA;42.075995;-71.286055;-5;1;42.075995,-71.286055
01527;Millbury;MA;42.196144;-71.76272;-5;1;42.196144,-71.76272
01542;Rochdale;MA;42.194793;-71.90651;-5;1;42.194793,-71.90651
01255;Sandisfield;MA;42.088973;-73.12444;-5;1;42.088973,-73.12444
01105;Springfield;MA;42.096644;-72.5798;-5;1;42.096644,-72.5798
02201;Boston;MA;42.338947;-70.919635;-5;1;42.338947,-70.919635
02211;Boston;MA;42.338947;-70.919635;-5;1;42.338947,-70.919635
02420;Lexington;MA;42.452895;-71.21619;-5;1;42.452895,-71.21619
01921;Boxford;MA;42.677869;-71.00844;-5;1;42.677869,-71.00844
02111;Boston;MA;42.349838;-71.06101;-5;1;42.349838,-71.06101
01050;Huntington;MA;42.290209;-72.87942;-5;1;42.290209,-72.87942
01469;Townsend;MA;42.658738;-71.69204;-5;1;42.658738,-71.69204
02120;Boston;MA;42.332099;-71.09651;-5;1;42.332099,-71.09651
02771;Seekonk;MA;41.84345;-71.32343;-5;1;41.84345,-71.32343
02302;Brockton;MA;42.08715;-71.00222;-5;1;42.08715,-71.00222
02476;Arlington;MA;42.416745;-71.17761;-5;1;42.416745,-71.17761
01741;Carlisle;MA;42.5286;-71.35084;-5;1;42.5286,-71.35084
01366;Petersham;MA;42.474718;-72.21226;-5;1;42.474718,-72.21226
01059;North Amherst;MA;42.369562;-72.63599;-5;1;42.369562,-72.63599
01889;North Reading;MA;42.571633;-71.109646;-5;1;42.571633,-71.109646
02351;Abington;MA;42.119534;-70.94787;-5;1;42.119534,-70.94787
01826;Dracut;MA;42.677772;-71.316;-5;1;42.677772,-71.316
01267;Williamstown;MA;42.689962;-73.22355;-5;1;42.689962,-73.22355
01349;Turners Falls;MA;42.5737;-72.50525;-5;1;42.5737,-72.50525
02369;Dennis Port;MA;41.662531;-70.14021;-5;1;41.662531,-70.14021
02366;South Carver;MA;41.854063;-70.66088;-5;1;41.854063,-70.66088
02645;Harwich;MA;41.707332;-70.05679;-5;1;41.707332,-70.05679
02125;Boston;MA;42.316852;-71.05811;-5;1;42.316852,-71.05811
02662;South Orleans;MA;41.756694;-69.984123;-5;1;41.756694,-69.984123
01380;Wendell Depot;MA;42.594454999999996;-72.36314;-5;1;42.594455,-72.36314
02331;Duxbury;MA;41.970474;-70.701357;-5;1;41.970474,-70.701357
02346;Middleboro;MA;41.889582;-70.89406;-5;1;41.889582,-70.89406
01607;Worcester;MA;42.229543;-71.79501;-5;1;42.229543,-71.79501
02349;Middleboro;MA;41.970474;-70.701357;-5;1;41.970474,-70.701357
02718;East Taunton;MA;41.876249;-71.01827;-5;1;41.876249,-71.01827
02350;Monponsett;MA;42.018525;-70.847486;-5;1;42.018525,-70.847486
01252;North Egremont;MA;42.198648;-73.446234;-5;1;42.198648,-73.446234
02192;Needham;MA;42.180048;-71.08923;-5;1;42.180048,-71.08923
02648;Marstons Mills;MA;41.667689;-70.4168;-5;1;41.667689,-70.4168
02158;Newton;MA;42.353696;-71.188149;-5;1;42.353696,-71.188149
01152;Springfield;MA;42.170731;-72.604842;-5;1;42.170731,-72.604842
01244;Mill River;MA;42.139104;-73.20312;-5;1;42.139104,-73.20312
01039;Haydenville;MA;42.381475;-72.69259;-5;1;42.381475,-72.69259
02189;Weymouth;MA;42.2112;-70.93111;-5;1;42.2112,-70.93111
02266;Boston;MA;42.338947;-70.919635;-5;1;42.338947,-70.919635
01096;Williamsburg;MA;42.415236;-72.78271;-5;1;42.415236,-72.78271
01508;Charlton City;MA;42.109748;-72.079455;-5;1;42.109748,-72.079455
02284;Boston;MA;42.338947;-70.919635;-5;1;42.338947,-70.919635
02625;Barnstable Town;MA;41.640528;-70.433279;-5;1;41.640528,-70.433279
01609;Worcester;MA;42.271743;-71.81348;-5;1;42.271743,-71.81348
02210;Boston;MA;42.347974;-71.04463;-5;1;42.347974,-71.04463
02643;East Orleans;MA;41.784308;-69.962034;-5;1;41.784308,-69.962034
02175;Arlington Heights;MA;42.446396;-71.459405;-5;1;42.446396,-71.459405
01890;Winchester;MA;42.451945;-71.14276;-5;1;42.451945,-71.14276
02055;Minot;MA;41.970474;-70.701357;-5;1;41.970474,-70.701357
02465;West Newton;MA;42.351046;-71.22677;-5;1;42.351046,-71.22677
02735;Easton;MA;41.999346;-71.113582;-5;1;41.999346,-71.113582
02745;New Bedford;MA;41.692806;-70.93264;-5;1;41.692806,-70.93264
02148;Malden;MA;42.428549;-71.06059;-5;1;42.428549,-71.06059
01338;Buckland;MA;42.569498;-72.802;-5;1;42.569498,-72.802
01374;Charlemont;MA;42.636459;-72.798742;-5;1;42.636459,-72.798742
02379;West Bridgewater;MA;42.02195;-71.01878;-5;1;42.02195,-71.01878
02297;Boston;MA;42.338947;-70.919635;-5;1;42.338947,-70.919635
02322;Avon;MA;42.121932;-71.04522;-5;1;42.121932,-71.04522
02661;South Harwich;MA;41.675799;-70.0396;-5;1;41.675799,-70.0396
01887;Wilmington;MA;42.558576;-71.17031;-5;1;42.558576,-71.17031
01203;Pittsfield;MA;42.3929;-73.228483;-5;1;42.3929,-73.228483
01005;Barre;MA;42.412094;-72.10443;-5;1;42.412094,-72.10443
02770;Rochester;MA;41.760783;-70.83848;-5;1;41.760783,-70.83848
02462;Newton Lower Falls;MA;42.331646;-71.25761;-5;1;42.331646,-71.25761
02453;Waltham;MA;42.370446;-71.23563;-5;1;42.370446,-71.23563
01464;Shirley;MA;42.559289;-71.64555;-5;1;42.559289,-71.64555
01093;Whately;MA;42.442673;-72.652511;-5;1;42.442673,-72.652511
01867;Reading;MA;42.52585;-71.10993;-5;1;42.52585,-71.10993
01654;Worcester;MA;42.364807;-71.896868;-5;1;42.364807,-71.896868
02576;West Wareham;MA;41.776042;-70.75783;-5;1;41.776042,-70.75783
01069;Palmer;MA;42.176401;-72.32646;-5;1;42.176401,-72.32646
02181;Wellesley;MA;42.300596;-71.27875;-5;1;42.300596,-71.27875
01603;Worcester;MA;42.240526;-71.83776;-5;1;42.240526,-71.83776
01821;Billerica;MA;42.54805;-71.25054;-5;1;42.54805,-71.25054
02108;Boston;MA;42.357903;-71.06408;-5;1;42.357903,-71.06408
02132;West Roxbury;MA;42.279432;-71.1598;-5;1;42.279432,-71.1598
01562;Spencer;MA;42.247212;-71.99227;-5;1;42.247212,-71.99227
02537;East Sandwich;MA;41.733837;-70.43754;-5;1;41.733837,-70.43754
01086;Westfield;MA;42.173428;-72.847964;-5;1;42.173428,-72.847964
02208;Boston;MA;42.338947;-70.919635;-5;1;42.338947,-70.919635
01570;Webster;MA;42.047728;-71.86108;-5;1;42.047728,-71.86108
02109;Boston;MA;42.361477;-71.05417;-5;1;42.361477,-71.05417
01028;East Longmeadow;MA;42.066795;-72.5102;-5;1;42.066795,-72.5102
01021;Chicopee;MA;42.170731;-72.604842;-5;1;42.170731,-72.604842
02081;Walpole;MA;42.145237;-71.25375;-5;1;42.145237,-71.25375
01225;Cheshire;MA;42.551731;-73.1653;-5;1;42.551731,-73.1653
01773;Lincoln;MA;42.425537;-71.30316;-5;1;42.425537,-71.30316
02636;Centerville;MA;41.799312;-70.308662;-5;1;41.799312,-70.308662
02653;Orleans;MA;41.777647;-69.97312;-5;1;41.777647,-69.97312
02020;Brant Rock;MA;42.081825;-70.643868;-5;1;42.081825,-70.643868
02675;Yarmouth Port;MA;41.703205;-70.22395;-5;1;41.703205,-70.22395
01133;Springfield;MA;42.170731;-72.604842;-5;1;42.170731,-72.604842
01077;Southwick;MA;42.05283;-72.76966;-5;1;42.05283,-72.76966
01910;Lynn;MA;42.454796;-70.974694;-5;1;42.454796,-70.974694
02119;Boston;MA;42.324511;-71.08455;-5;1;42.324511,-71.08455
01745;Fayville;MA;42.295544;-71.50468;-5;1;42.295544,-71.50468
02468;Waban;MA;42.325247;-71.2319;-5;1;42.325247,-71.2319
01947;Salem;MA;42.642845;-70.873647;-5;1;42.642845,-70.873647
02634;Centerville;MA;41.799312;-70.308662;-5;1;41.799312,-70.308662
01011;Chester;MA;42.271442;-73.01958;-5;1;42.271442,-73.01958
01053;Leeds;MA;42.353105;-72.70206;-5;1;42.353105,-72.70206
02301;Brockton;MA;42.0794;-71.03441;-5;1;42.0794,-71.03441
02742;New Bedford;MA;41.619557;-70.956346;-5;1;41.619557,-70.956346
01903;Lynn;MA;42.635443;-70.879123;-5;1;42.635443,-70.879123
02272;Watertown;MA;42.446396;-71.459405;-5;1;42.446396,-71.459405
01003;Amherst;MA;42.369562;-72.63599;-5;1;42.369562,-72.63599
01262;Stockbridge;MA;42.283216;-73.31423;-5;1;42.283216,-73.31423
02726;Somerset;MA;41.754828;-71.14894;-5;1;41.754828,-71.14894
02165;Newton;MA;42.446396;-71.459405;-5;1;42.446396,-71.459405
02671;West Harwich;MA;41.665589;-70.11152;-5;1;41.665589,-70.11152
02047;Humarock;MA;42.142836;-70.69353;-5;1;42.142836,-70.69353
01440;Gardner;MA;42.575355;-71.99183;-5;1;42.575355,-71.99183
01111;Springfield;MA;42.170731;-72.604842;-5;1;42.170731,-72.604842
01470;Groton;MA;42.446396;-71.459405;-5;1;42.446396,-71.459405
01505;Boylston;MA;42.338392;-71.73026;-5;1;42.338392,-71.73026
02163;Boston;MA;42.367946;-71.12056;-5;1;42.367946,-71.12056
01022;Chicopee;MA;42.196666;-72.55606;-5;1;42.196666,-72.55606
01118;Springfield;MA;42.093144;-72.5291;-5;1;42.093144,-72.5291
02137;Readville;MA;42.338947;-70.919635;-5;1;42.338947,-70.919635
01223;Becket;MA;42.314449;-73.09335;-5;1;42.314449,-73.09335
02664;South Yarmouth;MA;41.670981;-70.19797;-5;1;41.670981,-70.19797
01760;Natick;MA;42.290763;-71.35368;-5;1;42.290763,-71.35368
01089;West Springfield;MA;42.112793;-72.64066;-5;1;42.112793,-72.64066
01364;Orange;MA;42.599614;-72.29263;-5;1;42.599614,-72.29263
02131;Roslindale;MA;42.284678;-71.13052;-5;1;42.284678,-71.13052
01564;Sterling;MA;42.436875;-71.77333;-5;1;42.436875,-71.77333
01346;Heath;MA;42.669255;-72.80494;-5;1;42.669255,-72.80494
01614;Worcester;MA;42.364807;-71.896868;-5;1;42.364807,-71.896868
01436;Baldwinville;MA;42.608903;-72.08021;-5;1;42.608903,-72.08021
02048;Mansfield;MA;42.019982;-71.2191;-5;1;42.019982,-71.2191
02124;Boston;MA;42.28713;-71.07156;-5;1;42.28713,-71.07156
02207;Boston;MA;42.338947;-70.919635;-5;1;42.338947,-70.919635
02304;Brockton;MA;41.970474;-70.701357;-5;1;41.970474,-70.701357
02532;Buzzards Bay;MA;41.751841;-70.59764;-5;1;41.751841,-70.59764
01721;Ashland;MA;42.257956;-71.45886;-5;1;42.257956,-71.45886
02173;Lexington;MA;42.446396;-71.459405;-5;1;42.446396,-71.459405
02720;Fall River;MA;41.716952;-71.13986;-5;1;41.716952,-71.13986
01062;Florence;MA;42.324232;-72.67915;-5;1;42.324232,-72.67915
02153;Medford;MA;42.446396;-71.459405;-5;1;42.446396,-71.459405
02405;Brockton;MA;41.970474;-70.701357;-5;1;41.970474,-70.701357
02123;Boston;MA;42.338947;-70.919635;-5;1;42.338947,-70.919635
02325;Bridgewater;MA;41.98725;-70.972786;-5;1;41.98725,-70.972786
02093;Wrentham;MA;42.0597;-71.34617;-5;1;42.0597,-71.34617
01931;Gloucester;MA;42.635443;-70.879123;-5;1;42.635443,-70.879123
02106;Boston;MA;42.354318;-71.073449;-5;1;42.354318,-71.073449
02458;Newton;MA;42.354727;-71.18809;-5;1;42.354727,-71.18809
02339;Hanover;MA;42.12867;-70.85913;-5;1;42.12867,-70.85913
01467;Still River;MA;42.488666;-71.62412;-5;1;42.488666,-71.62412
02543;Woods Hole;MA;41.526791;-70.66505;-5;1;41.526791,-70.66505
01833;Georgetown;MA;42.729437;-70.98291;-5;1;42.729437,-70.98291
02646;Harwich Port;MA;41.669219;-70.07419;-5;1;41.669219,-70.07419
02199;Boston;MA;42.34713;-71.08234;-5;1;42.34713,-71.08234
01451;Harvard;MA;42.505928;-71.5888;-5;1;42.505928,-71.5888
02168;Waban;MA;42.446396;-71.459405;-5;1;42.446396,-71.459405
02447;Brookline Village;MA;42.180048;-71.08923;-5;1;42.180048,-71.08923
02575;West Tisbury;MA;41.378807;-70.66376;-5;1;41.378807,-70.66376
02723;Fall River;MA;41.691369;-71.13234;-5;1;41.691369,-71.13234
01566;Sturbridge;MA;42.104581;-72.08584;-5;1;42.104581,-72.08584
02347;Lakeville;MA;41.835094;-70.95973;-5;1;41.835094,-70.95973
02534;Cataumet;MA;41.66566;-70.616;-5;1;41.66566,-70.616
01036;Hampden;MA;42.064703;-72.41735;-5;1;42.064703,-72.41735
01427;Westborough;MA;42.286575;-71.585753;-5;1;42.286575,-71.585753
01775;Stow;MA;42.423882;-71.51086;-5;1;42.423882,-71.51086
01238;Lee;MA;42.299263;-73.2327;-5;1;42.299263,-73.2327
02149;Everett;MA;42.409916;-71.0522;-5;1;42.409916,-71.0522
01231;Sheffield;MA;42.153001;-73.298131;-5;1;42.153001,-73.298131
02090;Westwood;MA;42.212949;-71.20735;-5;1;42.212949,-71.20735
02464;Newton Upper Falls;MA;42.311997;-71.22046;-5;1;42.311997,-71.22046
01009;Bondsville;MA;42.206092;-72.340486;-5;1;42.206092,-72.340486
02647;Hyannis Port;MA;41.63275;-70.30435;-5;1;41.63275,-70.30435
01540;Oxford;MA;42.117527;-71.8657;-5;1;42.117527,-71.8657
02779;Berkley;MA;41.825252;-71.07799;-5;1;41.825252,-71.07799
01888;Woburn;MA;42.446396;-71.459405;-5;1;42.446396,-71.459405
02459;Newton Center;MA;42.321197;-71.193;-5;1;42.321197,-71.193
02454;Waltham;MA;42.356719;-71.250479;-5;1;42.356719,-71.250479
01776;Sudbury;MA;42.38532;-71.42989;-5;1;42.38532,-71.42989
02135;Brighton;MA;42.348418;-71.15349;-5;1;42.348418,-71.15349
02715;Dighton;MA;41.811514;-71.13633;-5;1;41.811514,-71.13633
01876;Tewksbury;MA;42.601684;-71.22071;-5;1;42.601684,-71.22071
01460;Littleton;MA;42.540052;-71.49085;-5;1;42.540052,-71.49085
01068;Oakham;MA;42.349769;-72.04413;-5;1;42.349769,-72.04413
02702;Assonet;MA;41.792192;-71.06446;-5;1;41.792192,-71.06446
01243;Middlefield;MA;42.356088;-73.010448;-5;1;42.356088,-73.010448
01056;Ludlow;MA;42.174893;-72.47068;-5;1;42.174893,-72.47068
01453;Leominster;MA;42.526523;-71.75358;-5;1;42.526523,-71.75358
02303;Brockton;MA;41.970474;-70.701357;-5;1;41.970474,-70.701357
02457;Babson Park;MA;42.180048;-71.08923;-5;1;42.180048,-71.08923
05501;Andover;MA;42.647191;-71.184202;-5;1;42.647191,-71.184202
01815;Woburn;MA;42.446396;-71.459405;-5;1;42.446396,-71.459405
01840;Lawrence;MA;42.706941;-71.16181;-5;1;42.706941,-71.16181
02112;Boston;MA;42.338947;-70.919635;-5;1;42.338947,-70.919635
02549;Mashpee;MA;41.621779;-70.504349;-5;1;41.621779,-70.504349
01452;Hubbardston;MA;42.477515;-71.99654;-5;1;42.477515,-71.99654
02026;Dedham;MA;42.244609;-71.16553;-5;1;42.244609,-71.16553
02160;Newton;MA;42.446396;-71.459405;-5;1;42.446396,-71.459405
01106;Longmeadow;MA;42.050395;-72.5712;-5;1;42.050395,-72.5712
01541;Princeton;MA;42.451569;-71.882;-5;1;42.451569,-71.882
02381;White Horse Beach;MA;41.931602;-70.561051;-5;1;41.931602,-70.561051
02630;Barnstable;MA;41.700327;-70.29568;-5;1;41.700327,-70.29568
01061;Northampton;MA;42.369562;-72.63599;-5;1;42.369562,-72.63599
01473;Westminster;MA;42.544622;-71.9021;-5;1;42.544622,-71.9021
02471;Watertown;MA;42.446396;-71.459405;-5;1;42.446396,-71.459405
02066;Scituate;MA;42.205038;-70.7513;-5;1;42.205038,-70.7513
02368;Randolph;MA;42.173417;-71.04912;-5;1;42.173417,-71.04912
02472;Watertown;MA;42.371296;-71.18196;-5;1;42.371296,-71.18196
02169;Quincy;MA;42.250739;-70.99593;-5;1;42.250739,-70.99593
02375;South Easton;MA;42.029749;-71.10191;-5;1;42.029749,-71.10191
02639;Dennis Port;MA;41.661115;-70.13348;-5;1;41.661115,-70.13348
02382;Whitman;MA;42.08235;-70.93734;-5;1;42.08235,-70.93734
02719;Fairhaven;MA;41.634152;-70.8814;-5;1;41.634152,-70.8814
02126;Mattapan;MA;42.272098;-71.09426;-5;1;42.272098,-71.09426
02769;Rehoboth;MA;41.835067;-71.26115;-5;1;41.835067,-71.26115
01094;Wheelwright;MA;42.358201;-72.140846;-5;1;42.358201,-72.140846
02361;Plymouth;MA;41.970474;-70.701357;-5;1;41.970474,-70.701357
01752;Marlborough;MA;42.350909;-71.54753;-5;1;42.350909,-71.54753
02139;Cambridge;MA;42.364347;-71.10431;-5;1;42.364347,-71.10431
02305;Brockton;MA;41.970474;-70.701357;-5;1;41.970474,-70.701357
02407;Scituate;MA;42.136086;-70.688251;-5;1;42.136086,-70.688251
01938;Ipswich;MA;42.682965;-70.84007;-5;1;42.682965,-70.84007
01007;Belchertown;MA;42.278424;-72.411;-5;1;42.278424,-72.411
02146;Brookline;MA;42.308198;-71.088745;-5;1;42.308198,-71.088745
02344;Middleboro;MA;41.970474;-70.701357;-5;1;41.970474,-70.701357
01929;Essex;MA;42.631753;-70.77925;-5;1;42.631753,-70.77925
02724;Fall River;MA;41.684152;-71.17436;-5;1;41.684152,-71.17436
01746;Holliston;MA;42.196065;-71.43797;-5;1;42.196065,-71.43797
01253;Otis;MA;42.198403;-73.10205;-5;1;42.198403,-73.10205
01462;Lunenburg;MA;42.582839;-71.72051;-5;1;42.582839,-71.72051
02641;East Dennis;MA;41.734713;-70.20467;-5;1;41.734713,-70.20467
02669;West Chatham;MA;41.673635;-69.99494;-5;1;41.673635,-69.99494
02269;Quincy;MA;42.180048;-71.08923;-5;1;42.180048,-71.08923
02338;Halifax;MA;41.999851;-70.85395;-5;1;41.999851,-70.85395
01510;Clinton;MA;42.418836;-71.68482;-5;1;42.418836,-71.68482
01080;Three Rivers;MA;42.180563;-72.36518;-5;1;42.180563,-72.36518
02659;South Chatham;MA;41.678628;-70.02495;-5;1;41.678628,-70.02495
02764;North Dighton;MA;41.851557;-71.15125;-5;1;41.851557,-71.15125
01546;Shrewsbury;MA;42.364807;-71.896868;-5;1;42.364807,-71.896868
01347;Lake Pleasant;MA;42.556558;-72.518104;-5;1;42.556558,-72.518104
01901;Lynn;MA;42.461246;-70.946743;-5;1;42.461246,-70.946743
02404;Brockton;MA;41.970474;-70.701357;-5;1;41.970474,-70.701357
01801;Woburn;MA;42.484545;-71.15206;-5;1;42.484545,-71.15206
02056;Norfolk;MA;42.111836;-71.32855;-5;1;42.111836,-71.32855
02561;Sagamore;MA;41.770254;-70.533664;-5;1;41.770254,-70.533664
02655;Osterville;MA;41.632935;-70.38693;-5;1;41.632935,-70.38693
01084;West Chesterfield;MA;42.379807;-72.89043;-5;1;42.379807,-72.89043
01260;South Lee;MA;42.286586;-73.313274;-5;1;42.286586,-73.313274
01756;Mendon;MA;42.092006;-71.54474;-5;1;42.092006,-71.54474
01827;Dunstable;MA;42.671356;-71.50292;-5;1;42.671356,-71.50292
01256;Savoy;MA;42.592506;-73.01123;-5;1;42.592506,-73.01123
01507;Charlton;MA;42.135142;-71.96961;-5;1;42.135142,-71.96961
02495;Nonantum;MA;42.446396;-71.459405;-5;1;42.446396,-71.459405
02556;North Falmouth;MA;41.6403;-70.63036;-5;1;41.6403,-70.63036
02479;Waverley;MA;42.446396;-71.459405;-5;1;42.446396,-71.459405
02559;Pocasset;MA;41.694132;-70.61706;-5;1;41.694132,-70.61706
01844;Methuen;MA;42.73004;-71.17935;-5;1;42.73004,-71.17935
01905;Lynn;MA;42.464879;-70.97411;-5;1;42.464879,-70.97411
01810;Andover;MA;42.646942;-71.1513;-5;1;42.646942,-71.1513
01611;Cherry Valley;MA;42.238449;-71.87139;-5;1;42.238449,-71.87139
02105;Boston;MA;42.338947;-70.919635;-5;1;42.338947,-70.919635
01199;Springfield;MA;42.119943;-72.604983;-5;1;42.119943,-72.604983
01842;Lawrence;MA;42.635443;-70.879123;-5;1;42.635443,-70.879123
01519;Grafton;MA;42.201674;-71.68771;-5;1;42.201674,-71.68771
01865;Nutting Lake;MA;42.446396;-71.459405;-5;1;42.446396,-71.459405
02107;Boston;MA;42.338947;-70.919635;-5;1;42.338947,-70.919635
02595;West Tisbury;MA;41.381585;-70.66351;-5;1;41.381585,-70.66351
02101;Boston;MA;42.370567;-71.026964;-5;1;42.370567,-71.026964
01880;Wakefield;MA;42.501345;-71.07132;-5;1;42.501345,-71.07132
02050;Marshfield;MA;42.109763;-70.69172;-5;1;42.109763,-70.69172
02161;Newton;MA;42.446396;-71.459405;-5;1;42.446396,-71.459405
01012;Chesterfield;MA;42.390836;-72.84356;-5;1;42.390836,-72.84356
01915;Beverly;MA;42.560995;-70.8757;-5;1;42.560995,-70.8757
02654;Nantucket;MA;41.543967;-69.987203;-5;1;41.543967,-69.987203
02133;Boston;MA;42.338947;-70.919635;-5;1;42.338947,-70.919635
02563;Sandwich;MA;41.735645;-70.48866;-5;1;41.735645,-70.48866
02637;Cummaquid;MA;41.701438;-70.277212;-5;1;41.701438,-70.277212
02638;Dennis;MA;41.736684;-70.19183;-5;1;41.736684,-70.19183
02763;Attleboro Falls;MA;41.967949;-71.31024;-5;1;41.967949,-71.31024
02117;Boston;MA;42.338947;-70.919635;-5;1;42.338947,-70.919635
02657;Provincetown;MA;42.053355;-70.18947;-5;1;42.053355,-70.18947
02052;Medfield;MA;42.185571;-71.30476;-5;1;42.185571,-71.30476
02072;Stoughton;MA;42.125432;-71.10627;-5;1;42.125432,-71.10627
02446;Brookline;MA;42.344747;-71.12141;-5;1;42.344747,-71.12141
01531;New Braintree;MA;42.317121;-72.12248;-5;1;42.317121,-72.12248
02127;Boston;MA;42.33499;-71.04562;-5;1;42.33499,-71.04562
02456;New Town;MA;42.446396;-71.459405;-5;1;42.446396,-71.459405
01477;Winchendon Springs;MA;42.364807;-71.896868;-5;1;42.364807,-71.896868
02370;Rockland;MA;42.129513;-70.91189;-5;1;42.129513,-70.91189
01030;Feeding Hills;MA;42.070774;-72.67248;-5;1;42.070774,-72.67248
01605;Worcester;MA;42.286543;-71.78846;-5;1;42.286543,-71.78846
01066;North Hatfield;MA;42.406697;-72.633901;-5;1;42.406697,-72.633901
01520;Holden;MA;42.338962;-71.84434;-5;1;42.338962,-71.84434
01264;Tyringham;MA;42.224905;-73.20394;-5;1;42.224905,-73.20394
01832;Haverhill;MA;42.781357;-71.11023;-5;1;42.781357,-71.11023
01037;Hardwick;MA;42.374202;-72.19524;-5;1;42.374202,-72.19524
02114;Boston;MA;42.361792;-71.06774;-5;1;42.361792,-71.06774
01740;Bolton;MA;42.437086;-71.61266;-5;1;42.437086,-71.61266
02712;Chartley;MA;41.756214;-71.067062;-5;1;41.756214,-71.067062
02493;Weston;MA;42.358663;-71.28831;-5;1;42.358663,-71.28831
02027;Dedham;MA;42.180048;-71.08923;-5;1;42.180048,-71.08923
01655;Worcester;MA;42.364807;-71.896868;-5;1;42.364807,-71.896868
02212;Boston;MA;42.446396;-71.459405;-5;1;42.446396,-71.459405
02421;Lexington;MA;42.439295;-71.23553;-5;1;42.439295,-71.23553
01984;Wenham;MA;42.600518;-70.87618;-5;1;42.600518,-70.87618
02642;Eastham;MA;41.844087;-69.98921;-5;1;41.844087,-69.98921
01002;Amherst;MA;42.377651;-72.50323;-5;1;42.377651,-72.50323
02206;Boston;MA;42.338947;-70.919635;-5;1;42.338947,-70.919635
01031;Gilbertville;MA;42.33071;-72.18833;-5;1;42.33071,-72.18833
01951;Newbury;MA;42.780141;-70.86866;-5;1;42.780141,-70.86866
02239;Cambridge;MA;42.446396;-71.459405;-5;1;42.446396,-71.459405
02557;Oak Bluffs;MA;41.417376;-70.560032;-5;1;41.417376,-70.560032
02203;Boston;MA;42.361485;-71.060364;-5;1;42.361485,-71.060364
01229;Glendale;MA;42.279292;-73.343545;-5;1;42.279292,-73.343545
01516;Douglas;MA;42.061437;-71.72887;-5;1;42.061437,-71.72887
01718;Village Of Nagog Woods;MA;42.519739;-71.42721;-5;1;42.519739,-71.42721
02104;Boston;MA;42.338947;-70.919635;-5;1;42.338947,-70.919635
02128;Boston;MA;42.378297;-71.0255;-5;1;42.378297,-71.0255
02650;North Chatham;MA;41.702265;-69.96958;-5;1;41.702265,-69.96958
01471;Groton;MA;42.446396;-71.459405;-5;1;42.446396,-71.459405
01355;New Salem;MA;42.485899;-72.33345;-5;1;42.485899,-72.33345
01034;Granville;MA;42.086224;-72.94464;-5;1;42.086224,-72.94464
01820;Pinehurst;MA;42.540779;-71.238175;-5;1;42.540779,-71.238175
02295;Boston;MA;42.338947;-70.919635;-5;1;42.338947,-70.919635
01114;Springfield;MA;42.170731;-72.604842;-5;1;42.170731,-72.604842
01582;Westborough;MA;42.364807;-71.896868;-5;1;42.364807,-71.896868
02045;Hull;MA;42.286347;-70.87663;-5;1;42.286347,-70.87663
02021;Canton;MA;42.166776;-71.1343;-5;1;42.166776,-71.1343
02725;Somerset;MA;41.721652;-71.17482;-5;1;41.721652,-71.17482
02217;Boston;MA;42.338947;-70.919635;-5;1;42.338947,-70.919635
01257;Sheffield;MA;42.102694;-73.36591;-5;1;42.102694,-73.36591
02722;Fall River;MA;41.756214;-71.067062;-5;1;41.756214,-71.067062
01922;Byfield;MA;42.76087;-70.92648;-5;1;42.76087,-70.92648
01742;Concord;MA;42.457201;-71.37478;-5;1;42.457201,-71.37478
01583;West Boylston;MA;42.359842;-71.787;-5;1;42.359842,-71.787
02632;Centerville;MA;41.658718;-70.34658;-5;1;41.658718,-70.34658
01263;Stockbridge;MA;42.3929;-73.228483;-5;1;42.3929,-73.228483
01088;West Hatfield;MA;42.388831;-72.6321;-5;1;42.388831,-72.6321
01115;Springfield;MA;42.102894;-72.591633;-5;1;42.102894,-72.591633
01350;Monroe Bridge;MA;42.712257;-72.97629;-5;1;42.712257,-72.97629
01904;Lynn;MA;42.490421;-70.96579;-5;1;42.490421,-70.96579
02241;Boston;MA;42.338947;-70.919635;-5;1;42.338947,-70.919635
02345;Manomet;MA;41.888198;-70.581029;-5;1;41.888198,-70.581029
02019;Bellingham;MA;42.075122;-71.47953;-5;1;42.075122,-71.47953
02703;Attleboro;MA;41.928099;-71.31456;-5;1;41.928099,-71.31456
01375;Sunderland;MA;42.449978;-72.56302;-5;1;42.449978,-72.56302
01806;Woburn;MA;42.446396;-71.459405;-5;1;42.446396,-71.459405
01144;Springfield;MA;42.101796;-72.59151;-5;1;42.101796,-72.59151
01057;Monson;MA;42.089269;-72.317;-5;1;42.089269,-72.317
01830;Haverhill;MA;42.78519;-71.07011;-5;1;42.78519,-71.07011
01107;Springfield;MA;42.120193;-72.6061;-5;1;42.120193,-72.6061
02482;Wellesley;MA;42.300096;-71.30336;-5;1;42.300096,-71.30336
01906;Saugus;MA;42.462796;-71.0098;-5;1;42.462796,-71.0098
02204;Boston;MA;42.338947;-70.919635;-5;1;42.338947,-70.919635
02584;Nantucket;MA;41.277794;-70.046019;-5;1;41.277794,-70.046019
02030;Dover;MA;42.23888;-71.28241;-5;1;42.23888,-71.28241
02194;Needham;MA;42.292547;-71.225799;-5;1;42.292547,-71.225799
02574;West Falmouth;MA;41.603946;-70.638189;-5;1;41.603946,-70.638189
02635;Cotuit;MA;41.625037;-70.44317;-5;1;41.625037,-70.44317
01090;West Springfield;MA;42.170731;-72.604842;-5;1;42.170731,-72.604842
01854;Lowell;MA;42.649758;-71.33348;-5;1;42.649758,-71.33348
02540;Falmouth;MA;41.56105;-70.61968;-5;1;41.56105,-70.61968
01474;West Townsend;MA;42.669408;-71.74578;-5;1;42.669408,-71.74578
02538;East Wareham;MA;41.782915;-70.64881;-5;1;41.782915,-70.64881
02102;Boston;MA;42.338947;-70.919635;-5;1;42.338947,-70.919635
02474;Arlington;MA;42.419496;-71.15635;-5;1;42.419496,-71.15635
02670;West Dennis;MA;41.659749;-70.17089;-5;1;41.659749,-70.17089
01301;Greenfield;MA;42.605524;-72.60098;-5;1;42.605524,-72.60098
01560;South Grafton;MA;42.177462;-71.69382;-5;1;42.177462,-71.69382
01730;Bedford;MA;42.496679;-71.27504;-5;1;42.496679,-71.27504
01983;Topsfield;MA;42.642471;-70.94424;-5;1;42.642471,-70.94424
01035;Hadley;MA;42.35549;-72.5733;-5;1;42.35549,-72.5733
02051;Marshfield Hills;MA;42.151202;-70.734146;-5;1;42.151202,-70.734146
01266;West Stockbridge;MA;42.328535;-73.36407;-5;1;42.328535,-73.36407
01545;Shrewsbury;MA;42.286643;-71.72502;-5;1;42.286643,-71.72502
02714;Dartmouth;MA;41.756214;-71.067062;-5;1;41.756214,-71.067062
02766;Norton;MA;41.969185;-71.1854;-5;1;41.969185,-71.1854
01702;Framingham;MA;42.283995;-71.42161;-5;1;42.283995,-71.42161
01041;Holyoke;MA;42.170731;-72.604842;-5;1;42.170731,-72.604842
01747;Hopedale;MA;42.125536;-71.53662;-5;1;42.125536,-71.53662
02141;Cambridge;MA;42.370519;-71.08443;-5;1;42.370519,-71.08443
01504;Blackstone;MA;42.028147;-71.52999;-5;1;42.028147,-71.52999
02216;Boston;MA;42.338947;-70.919635;-5;1;42.338947,-70.919635
01033;Granby;MA;42.254563;-72.51831;-5;1;42.254563,-72.51831
02478;Belmont;MA;42.391546;-71.17471;-5;1;42.391546,-71.17471
02554;Nantucket;MA;41.276758;-70.09089;-5;1;41.276758,-70.09089
01054;Leverett;MA;42.479839;-72.49879;-5;1;42.479839,-72.49879
01351;Montague;MA;42.534976;-72.52522;-5;1;42.534976,-72.52522
01063;Northampton;MA;42.317939;-72.640234;-5;1;42.317939,-72.640234
01950;Newburyport;MA;42.809891;-70.86363;-5;1;42.809891,-70.86363
02355;North Carver;MA;41.916918;-70.801331;-5;1;41.916918,-70.801331
02040;Greenbush;MA;41.970474;-70.701357;-5;1;41.970474,-70.701357
02038;Franklin;MA;42.089104;-71.4069;-5;1;42.089104,-71.4069
01960;Peabody;MA;42.534045;-70.96146;-5;1;42.534045,-70.96146
02129;Charlestown;MA;42.378619;-71.06495;-5;1;42.378619,-71.06495
01757;Milford;MA;42.149176;-71.52149;-5;1;42.149176,-71.52149
01812;Andover;MA;42.647191;-71.184202;-5;1;42.647191,-71.184202
01588;Whitinsville;MA;42.114195;-71.67225;-5;1;42.114195,-71.67225
01936;Hamilton;MA;42.635443;-70.879123;-5;1;42.635443,-70.879123
01985;West Newbury;MA;42.790736;-70.97286;-5;1;42.790736,-70.97286
02740;New Bedford;MA;41.634754;-70.93752;-5;1;41.634754,-70.93752
02741;New Bedford;MA;41.756214;-71.067062;-5;1;41.756214,-71.067062
01940;Lynnfield;MA;42.527895;-71.02834;-5;1;42.527895,-71.02834
02144;Somerville;MA;42.399546;-71.12165;-5;1;42.399546,-71.12165
02162;Newton;MA;42.331896;-71.25405;-5;1;42.331896,-71.25405
01902;Lynn;MA;42.469946;-70.94113;-5;1;42.469946,-70.94113
01808;Woburn;MA;42.446396;-71.459405;-5;1;42.446396,-71.459405
01908;Nahant;MA;42.427096;-70.92809;-5;1;42.427096,-70.92809
02360;Plymouth;MA;41.894676;-70.61999;-5;1;41.894676,-70.61999
01613;Worcester;MA;42.293316;-71.801971;-5;1;42.293316,-71.801971
02122;Boston;MA;42.296298;-71.05454;-5;1;42.296298,-71.05454
02672;West Hyannisport;MA;41.636077;-70.31962;-5;1;41.636077,-70.31962
02402;Brockton;MA;42.0863;-70.999339;-5;1;42.0863,-70.999339
02258;Newton;MA;42.446396;-71.459405;-5;1;42.446396,-71.459405
01581;Westborough;MA;42.269845;-71.61408;-5;1;42.269845,-71.61408
01360;Northfield;MA;42.682285;-72.45649;-5;1;42.682285,-72.45649
01341;Conway;MA;42.508313;-72.70403;-5;1;42.508313,-72.70403
01719;Boxborough;MA;42.486259;-71.51244;-5;1;42.486259,-71.51244
01784;Woodville;MA;42.446396;-71.459405;-5;1;42.446396,-71.459405
02721;Fall River;MA;41.685452;-71.15425;-5;1;41.685452,-71.15425
01237;Lanesboro;MA;42.557346;-73.24364;-5;1;42.557346,-73.24364
02768;Raynham Center;MA;41.756214;-71.067062;-5;1;41.756214,-71.067062
01236;Housatonic;MA;42.266874;-73.36236;-5;1;42.266874,-73.36236
01610;Worcester;MA;42.248493;-71.80793;-5;1;42.248493,-71.80793
02043;Hingham;MA;42.225708;-70.88764;-5;1;42.225708,-70.88764
02552;Menemsha;MA;41.379836;-70.643092;-5;1;41.379836,-70.643092
01139;Springfield;MA;42.170731;-72.604842;-5;1;42.170731,-72.604842
01230;Great Barrington;MA;42.189715;-73.35249;-5;1;42.189715,-73.35249
02748;South Dartmouth;MA;41.59156;-70.9494;-5;1;41.59156,-70.9494
01151;Indian Orchard;MA;42.153926;-72.50531;-5;1;42.153926,-72.50531
01879;Tyngsboro;MA;42.671589;-71.41694;-5;1;42.671589,-71.41694
02215;Boston;MA;42.346997;-71.10215;-5;1;42.346997,-71.10215
02138;Cambridge;MA;42.379146;-71.12803;-5;1;42.379146,-71.12803
01103;Springfield;MA;42.103294;-72.59112;-5;1;42.103294,-72.59112
01853;Lowell;MA;42.446396;-71.459405;-5;1;42.446396,-71.459405
02367;Plympton;MA;41.968987;-70.80452;-5;1;41.968987,-70.80452
01010;Brimfield;MA;42.126038;-72.20552;-5;1;42.126038,-72.20552
01438;East Templeton;MA;42.563367;-72.03498;-5;1;42.563367,-72.03498
01543;Rutland;MA;42.380877;-71.96427;-5;1;42.380877,-71.96427
01907;Swampscott;MA;42.474409;-70.90588;-5;1;42.474409,-70.90588
01604;Worcester;MA;42.255393;-71.77459;-5;1;42.255393,-71.77459
02118;Boston;MA;42.338724;-71.07276;-5;1;42.338724,-71.07276
02116;Boston;MA;42.349622;-71.07372;-5;1;42.349622,-71.07372
02150;Chelsea;MA;42.396382;-71.03352;-5;1;42.396382,-71.03352
01071;Russell;MA;42.165931;-72.85153;-5;1;42.165931,-72.85153
01538;North Uxbridge;MA;42.364807;-71.896868;-5;1;42.364807,-71.896868
01653;Worcester;MA;42.364807;-71.896868;-5;1;42.364807,-71.896868
02767;Raynham;MA;41.934586;-71.04905;-5;1;41.934586,-71.04905
01850;Lowell;MA;42.655791;-71.30504;-5;1;42.655791,-71.30504
02155;Medford;MA;42.419846;-71.10942;-5;1;42.419846,-71.10942
02461;Newton Highlands;MA;42.31883;-71.20822;-5;1;42.31883,-71.20822
02713;Cuttyhunk;MA;41.429673;-70.8954;-5;1;41.429673,-70.8954
01703;Framingham;MA;42.446396;-71.459405;-5;1;42.446396,-71.459405
01550;Southbridge;MA;42.070827;-72.03533;-5;1;42.070827,-72.03533
01807;Woburn;MA;42.446396;-71.459405;-5;1;42.446396,-71.459405
01450;Groton;MA;42.609887;-71.55722;-5;1;42.609887,-71.55722
02467;Chestnut Hill;MA;42.321997;-71.17314;-5;1;42.321997,-71.17314
02060;North Scituate;MA;41.970474;-70.701357;-5;1;41.970474,-70.701357
01079;Thorndike;MA;42.192892;-72.329574;-5;1;42.192892,-72.329574
02171;Quincy;MA;42.284498;-71.02316;-5;1;42.284498,-71.02316
01864;North Reading;MA;42.583436;-71.0982;-5;1;42.583436,-71.0982
01720;Acton;MA;42.477142;-71.4422;-5;1;42.477142,-71.4422
02166;Auburndale;MA;42.346146;-71.243057;-5;1;42.346146,-71.243057
01092;West Warren;MA;42.210777;-72.23904;-5;1;42.210777,-72.23904
01517;East Princeton;MA;42.364807;-71.896868;-5;1;42.364807,-71.896868
02356;North Easton;MA;42.058507;-71.11309;-5;1;42.058507,-71.11309
01965;Prides Crossing;MA;42.558113;-70.825743;-5;1;42.558113,-70.825743
01970;Salem;MA;42.516845;-70.8985;-5;1;42.516845,-70.8985
02536;East Falmouth;MA;41.578992;-70.5614;-5;1;41.578992,-70.5614
01222;Ashley Falls;MA;42.057496;-73.32177;-5;1;42.057496,-73.32177
02115;Boston;MA;42.34308;-71.09268;-5;1;42.34308,-71.09268
01247;North Adams;MA;42.696064;-73.10145;-5;1;42.696064,-73.10145
02481;Wellesley Hills;MA;42.313329;-71.27649;-5;1;42.313329,-71.27649
01506;Brookfield;MA;42.200374;-72.09787;-5;1;42.200374,-72.09787
02324;Bridgewater;MA;41.979501;-70.97215;-5;1;41.979501,-70.97215
02567;Sagamore;MA;41.79197;-70.530852;-5;1;41.79197,-70.530852
